iter	Logloss
0	0.2741441146
1	0.2044401561
2	0.1689658231
3	0.1499539646
4	0.1322912996
5	0.1214832851
6	0.1140639277
7	0.105782514
8	0.0999498381
9	0.09386683868
10	0.08920501505
11	0.08372930375
12	0.07767975904
13	0.07374463375
14	0.06981086172
15	0.06582996577
16	0.0618431466
17	0.05892772622
18	0.05613049333
19	0.05422553984
