iter	Logloss
0	0.3005386932
1	0.2291117324
2	0.2042816527
3	0.1609739808
4	0.1485114639
5	0.1286645839
6	0.1116990259
7	0.09938003556
8	0.08695490319
9	0.08574525493
10	0.07918073221
11	0.0710612741
12	0.06477434355
13	0.06401913185
14	0.05889705843
15	0.0554205793
16	0.05056491952
17	0.0501797642
18	0.04609062924
19	0.04291428587
